x,sin(x)
0.0,0.0
0.002002002002002002,0.0020020006646609234
0.004004004004004004,0.004003993305281807
0.006006006006006006,0.0060059698978547705
0.008008008008008008,0.008007922418436255
0.01001001001001001,0.010009842843179184
0.012012012012012012,0.012011723148365119
0.014014014014014014,0.014013555310436422
0.016016016016016016,0.016015331306028415
0.018018018018018018,0.01801704311200153
0.02002002002002002,0.020018682705473478
0.022022022022022022,0.0220202420638514
0.024024024024024024,0.024021713164864008
0.026026026026026026,0.026023087986593762
0.028028028028028028,0.028024358507509013
0.03003003003003003,0.030025516706496138
0.03203203203203203,0.03202655456289171
0.03403403403403403,0.034027464056514634
0.036036036036036036,0.036028237167698304
0.03803803803803804,0.038028865877322716
0.04004004004004004,0.04002934216684664
0.04204204204204204,0.04202965801833975
0.044044044044044044,0.04402980541451477
0.04604604604604605,0.046029776338759563
0.04804804804804805,0.04802956277516931
0.050050050050050046,0.050029156708578625
0.05205205205205205,0.05202855012459368
0.05405405405405406,0.054027735009624316
0.056056056056056056,0.05602670335091615
0.058058058058058054,0.05802544713658273
0.06006006006006006,0.06002395835563764
0.062062062062062065,0.06202222899802657
0.06406406406406406,0.06402025105465943
0.06606606606606606,0.0660180165174425
0.06806806806806806,0.06801551737931047
0.07007007007007007,0.07001274563425858
0.07207207207207207,0.07200969327737461
0.07407407407407407,0.07400635230487113
0.07607607607607608,0.07600271471411742
0.07807807807807808,0.07799877250367161
0.08008008008008008,0.0799945176733128
0.08208208208208208,0.08198994222407302
0.08408408408408408,0.08398503815826938
0.08608608608608609,0.08597979747953607
0.08808808808808809,0.08797421219285642
0.09009009009009009,0.08996827430459496
0.0920920920920921,0.09196197582252949
0.0940940940940941,0.093955308755883
0.0960960960960961,0.09594826511535581
0.0980980980980981,0.09794083691315758
0.10010010010010009,0.09993301616303925
0.1021021021021021,0.10192479488032513
0.1041041041041041,0.10391616508194483
0.1061061061061061,0.10590711878646533
0.10810810810810811,0.10789764801412295
0.11011011011011011,0.10988774478685526
0.11211211211211211,0.11187740112833314
0.11411411411411411,0.11386660906399275
0.11611611611611611,0.11585536062106744
0.11811811811811812,0.11784364782861975
0.12012012012012012,0.11983146271757329
0.12212212212212212,0.12181879732074478
0.12412412412412413,0.12380564367287591
0.12612612612612611,0.12579199381066528
0.12812812812812813,0.12777783977280036
0.13013013013013014,0.12976317359998926
0.13213213213213212,0.13174798733499285
0.13413413413413414,0.13373227302265653
0.13613613613613612,0.13571602270994196
0.13813813813813813,0.13769922844595933
0.14014014014014015,0.13968188228199885
0.14214214214214213,0.14166397627156269
0.14414414414414414,0.1436455024703971
0.14614614614614616,0.14562645293652382
0.14814814814814814,0.14760681973027226
0.15015015015015015,0.1495865949143112
0.15215215215215216,0.15156577055368053
0.15415415415415415,0.15354433871582313
0.15615615615615616,0.15552229147061675
0.15815815815815815,0.15749962089040556
0.16016016016016016,0.1594763190500322
0.16216216216216217,0.1614523780268693
0.16416416416416416,0.16342778990085136
0.16616616616616617,0.16540254675450652
0.16816816816816815,0.16737664067298824
0.17017017017017017,0.16935006374410702
0.17217217217217218,0.1713228080583621
0.17417417417417416,0.1732948657089732
0.17617617617617617,0.17526622879191223
0.1781781781781782,0.17723688940593488
0.18018018018018017,0.17920683965261233
0.18218218218218218,0.18117607163636307
0.1841841841841842,0.18314457746448418
0.18618618618618618,0.18511234924718328
0.1881881881881882,0.18707937909761013
0.19019019019019018,0.18904565913188803
0.1921921921921922,0.19101118146914564
0.1941941941941942,0.19297593823154843
0.1961961961961962,0.1949399215443303
0.1981981981981982,0.1969031235358252
0.20020020020020018,0.19886553633749854
0.2022022022022022,0.20082715208397892
0.2042042042042042,0.20278796291308945
0.2062062062062062,0.20474796096587936
0.2082082082082082,0.20670713838665555
0.21021021021021022,0.20866548732301404
0.2122122122122122,0.2106229999258713
0.21421421421421422,0.212579668349496
0.21621621621621623,0.21453548475154016
0.2182182182182182,0.21649044129307077
0.22022022022022023,0.21844453013860113
0.2222222222222222,0.22039774345612226
0.22422422422422422,0.2223500734171344
0.22622622622622623,0.22430151219667818
0.22822822822822822,0.2262520519733661
0.23023023023023023,0.22820168492941395
0.23223223223223222,0.23015040325067201
0.23423423423423423,0.23209819912665647
0.23623623623623624,0.23404506475058065
0.23823823823823823,0.23599099231938628
0.24024024024024024,0.23793597403377498
0.24224224224224225,0.2398800020982392
0.24424424424424424,0.24182306872109374
0.24624624624624625,0.24376516611450683
0.24824824824824826,0.24570628649453138
0.2502502502502503,0.24764642208113616
0.25225225225225223,0.24958556509823698
0.25425425425425424,0.251523707773728
0.25625625625625625,0.2534608423395127
0.25825825825825827,0.25539696103153503
0.2602602602602603,0.2573320560898106
0.26226226226226224,0.2592661197584576
0.26426426426426425,0.26119914428572844
0.26626626626626626,0.2631311219240401
0.2682682682682683,0.2650620449300055
0.2702702702702703,0.26699190556446467
0.27227227227227224,0.26892069609251557
0.27427427427427425,0.27084840878354516
0.27627627627627627,0.27277503591126046
0.2782782782782783,0.27470056975371926
0.2802802802802803,0.2766250025933614
0.2822822822822823,0.2785483267170396
0.28428428428428426,0.2804705344160501
0.2862862862862863,0.282391617986164
0.2882882882882883,0.28431156972765786
0.2902902902902903,0.2862303819453445
0.2922922922922923,0.2881480469486042
0.29429429429429427,0.290064557051415
0.2962962962962963,0.291979904572384
0.2982982982982983,0.293894081834778
0.3003003003003003,0.2958070811665539
0.3023023023023023,0.29771889490039016
0.30430430430430433,0.29962951537371674
0.3063063063063063,0.30153893492874645
0.3083083083083083,0.3034471459125053
0.3103103103103103,0.30535414067686345
0.3123123123123123,0.3072599115785653
0.31431431431431434,0.3091644509792609
0.3163163163163163,0.31106775124553576
0.3183183183183183,0.31296980474894237
0.3203203203203203,0.3148706038660299
0.32232232232232233,0.3167701409783751
0.32432432432432434,0.318668408472613
0.3263263263263263,0.3205653987404672
0.3283283283283283,0.3224611041787805
0.3303303303303303,0.3243555171895452
0.33233233233233234,0.3262486301799337
0.33433433433433435,0.3281404355623291
0.3363363363363363,0.33003092575435494
0.3383383383383383,0.3319200931789066
0.34034034034034033,0.33380793026418076
0.34234234234234234,0.33569442944370625
0.34434434434434436,0.3375795831563742
0.34634634634634637,0.3394633838464684
0.3483483483483483,0.34134582396369556
0.35035035035035034,0.34322689596321565
0.35235235235235235,0.3451065923056719
0.35435435435435436,0.34698490545722144
0.3563563563563564,0.34886182788956505
0.35835835835835833,0.35073735207997747
0.36036036036036034,0.35261147051133784
0.36236236236236236,0.3544841756721595
0.36436436436436437,0.3563554600566201
0.3663663663663664,0.35822531616459186
0.3683683683683684,0.36009373650167154
0.37037037037037035,0.36196071357921045
0.37237237237237236,0.36382623991434454
0.3743743743743744,0.3656903080300244
0.3763763763763764,0.36755291045504507
0.3783783783783784,0.36941403972407616
0.38038038038038036,0.37127368837769165
0.38238238238238237,0.3731318489623999
0.3843843843843844,0.3749885140306735
0.3863863863863864,0.37684367614097897
0.3883883883883884,0.3786973278578068
0.39039039039039036,0.380549461751701
0.3923923923923924,0.3824000703992893
0.3943943943943944,0.3842491463833124
0.3963963963963964,0.3860966822926541
0.3983983983983984,0.38794267072237065
0.40040040040040037,0.38978710427372076
0.4024024024024024,0.39162997555419504
0.4044044044044044,0.3934712771775457
0.4064064064064064,0.3953110017638163
0.4084084084084084,0.3971491419393709
0.41041041041041043,0.3989856903369241
0.4124124124124124,0.4008206395955703
0.4144144144144144,0.40265398236081335
0.4164164164164164,0.4044857112845958
0.4184184184184184,0.40631581902532865
0.42042042042042044,0.4081442982479204
0.4224224224224224,0.4099711416238069
0.4244244244244244,0.41179634183098035
0.4264264264264264,0.4136198915540189
0.42842842842842843,0.4154417834841157
0.43043043043043044,0.41726201031910853
0.43243243243243246,0.41908056476350874
0.4344344344344344,0.42089743952853065
0.4364364364364364,0.4227126273321209
0.43843843843843844,0.4245261208989874
0.44044044044044045,0.42633791296062845
0.44244244244244246,0.42814799625536226
0.4444444444444444,0.42995636352835553
0.44644644644644643,0.43176300753165303
0.44844844844844844,0.4335679210242063
0.45045045045045046,0.4353710967719027
0.45245245245245247,0.4371725275475947
0.4544544544544544,0.43897220613112836
0.45645645645645644,0.4407701253093728
0.45845845845845845,0.4425662778762488
0.46046046046046046,0.44436065663275764
0.4624624624624625,0.4461532543870101
0.46446446446446443,0.44794406395425523
0.46646646646646645,0.44973307815690916
0.46846846846846846,0.4515202898245839
0.47047047047047047,0.45330569179411606
0.4724724724724725,0.45508927690959533
0.4744744744744745,0.45687103802239365
0.47647647647647645,0.4586509679911933
0.47847847847847846,0.4604290596820162
0.4804804804804805,0.46220530596825166
0.4824824824824825,0.4639796997306857
0.4844844844844845,0.4657522338575292
0.48648648648648646,0.4675229012444463
0.48848848848848847,0.4692916947945834
0.4904904904904905,0.4710586074185969
0.4924924924924925,0.47282363203468225
0.4944944944944945,0.47458676156860197
0.4964964964964965,0.47634798895371394
0.4984984984984985,0.478107307131
0.5005005005005005,0.4798647090490943
0.5025025025025025,0.4816201876643109
0.5045045045045045,0.48337373594067296
0.5065065065065065,0.4851253468499403
0.5085085085085085,0.4868750133716375
0.5105105105105106,0.48862272849308275
0.5125125125125125,0.49036848520941484
0.5145145145145145,0.49211227652362244
0.5165165165165165,0.49385409544657133
0.5185185185185185,0.4955939349970325
0.5205205205205206,0.49733178820171076
0.5225225225225225,0.4990676480952716
0.5245245245245245,0.5008015077203701
0.5265265265265265,0.5025333601276786
0.5285285285285285,0.5042631983759138
0.5305305305305306,0.505991015531866
0.5325325325325325,0.507716804670425
0.5345345345345345,0.5094405588746099
0.5365365365365365,0.5111622712355954
0.5385385385385385,0.51288193485274
0.5405405405405406,0.5145995428336135
0.5425425425425425,0.5163150882940246
0.5445445445445445,0.5180285643580491
0.5465465465465466,0.5197399641580565
0.5485485485485485,0.521449280834738
0.5505505505505506,0.5231565075371343
0.5525525525525525,0.5248616374226625
0.5545545545545546,0.5265646636571437
0.5565565565565566,0.5282655794148307
0.5585585585585585,0.5299643778784348
0.5605605605605606,0.5316610522391539
0.5625625625625625,0.5333555956966989
0.5645645645645646,0.5350480014593215
0.5665665665665666,0.5367382627438413
0.5685685685685685,0.5384263727756732
0.5705705705705706,0.540112324788854
0.5725725725725725,0.54179611202607
0.5745745745745746,0.5434777277386842
0.5765765765765766,0.5451571651867626
0.5785785785785785,0.5468344176391021
0.5805805805805806,0.5485094783732571
0.5825825825825826,0.5501823406755662
0.5845845845845846,0.5518529978411792
0.5865865865865866,0.5535214431740846
0.5885885885885885,0.5551876699871356
0.5905905905905906,0.5568516716020775
0.5925925925925926,0.5585134413495737
0.5945945945945946,0.5601729725692337
0.5965965965965966,0.5618302586096384
0.5985985985985985,0.5634852928283678
0.6006006006006006,0.5651380685920271
0.6026026026026026,0.5667885792762731
0.6046046046046046,0.5684368182658417
0.6066066066066066,0.5700827789545733
0.6086086086086087,0.5717264547454399
0.6106106106106106,0.5733678390505712
0.6126126126126126,0.5750069252912817
0.6146146146146146,0.5766437068980961
0.6166166166166166,0.5782781773107761
0.6186186186186187,0.5799103299783471
0.6206206206206206,0.5815401583591235
0.6226226226226226,0.583167655920736
0.6246246246246246,0.584792816140157
0.6266266266266266,0.5864156325037266
0.6286286286286287,0.5880360985071801
0.6306306306306306,0.5896542076556718
0.6326326326326326,0.5912699534638034
0.6346346346346347,0.5928833294556484
0.6366366366366366,0.5944943291647784
0.6386386386386387,0.5961029461342897
0.6406406406406406,0.5977091739168279
0.6426426426426426,0.5993130060746151
0.6446446446446447,0.600914436179475
0.6466466466466466,0.6025134578128584
0.6486486486486487,0.6041100645658698
0.6506506506506506,0.605704250039292
0.6526526526526526,0.6072960078436127
0.6546546546546547,0.6088853315990498
0.6566566566566566,0.6104722149355765
0.6586586586586587,0.6120566514929475
0.6606606606606606,0.6136386349207242
0.6626626626626626,0.6152181588783001
0.6646646646646647,0.6167952170349263
0.6666666666666666,0.618369803069737
0.6686686686686687,0.6199419106717744
0.6706706706706707,0.6215115335400144
0.6726726726726726,0.623078665383392
0.6746746746746747,0.6246432999208259
0.6766766766766766,0.6262054308812441
0.6786786786786787,0.6277650520036092
0.6806806806806807,0.629322157036943
0.6826826826826827,0.630876739740352
0.6846846846846847,0.6324287938830518
0.6866866866866866,0.6339783132443932
0.6886886886886887,0.635525291613886
0.6906906906906907,0.6370697227912242
0.6926926926926927,0.6386116005863113
0.6946946946946947,0.6401509188192844
0.6966966966966966,0.6416876713205399
0.6986986986986987,0.6432218519307573
0.7007007007007007,0.6447534545009241
0.7027027027027027,0.6462824728923612
0.7047047047047047,0.6478089009767461
0.7067067067067067,0.6493327326361392
0.7087087087087087,0.6508539617630068
0.7107107107107107,0.6523725822602461
0.7127127127127127,0.6538885880412103
0.7147147147147147,0.6554019730297316
0.7167167167167167,0.6569127311601471
0.7187187187187187,0.6584208563773222
0.7207207207207207,0.6599263426366746
0.7227227227227228,0.6614291839041996
0.7247247247247247,0.662929374156493
0.7267267267267267,0.6644269073807766
0.7287287287287287,0.6659217775749211
0.7307307307307307,0.6674139787474708
0.7327327327327328,0.6689035049176675
0.7347347347347347,0.6703903501154742
0.7367367367367368,0.6718745083815999
0.7387387387387387,0.673355973767522
0.7407407407407407,0.6748347403355116
0.7427427427427428,0.6763108021586566
0.7447447447447447,0.6777841533208853
0.7467467467467468,0.6792547879169906
0.7487487487487487,0.6807227000526532
0.7507507507507507,0.6821878838444657
0.7527527527527528,0.6836503334199558
0.7547547547547547,0.68511004291761
0.7567567567567568,0.6865670064868972
0.7587587587587588,0.6880212182882914
0.7607607607607607,0.6894726724932966
0.7627627627627628,0.6909213632844687
0.7647647647647647,0.6923672848554395
0.7667667667667668,0.6938104314109401
0.7687687687687688,0.6952507971668235
0.7707707707707707,0.6966883763500883
0.7727727727727728,0.6981231631989021
0.7747747747747747,0.6995551519626236
0.7767767767767768,0.7009843369018267
0.7787787787787788,0.7024107122883227
0.7807807807807807,0.7038342724051841
0.7827827827827828,0.7052550115467666
0.7847847847847848,0.7066729240187326
0.7867867867867868,0.7080880041380737
0.7887887887887888,0.7095002462331338
0.7907907907907907,0.7109096446436313
0.7927927927927928,0.7123161937206826
0.7947947947947948,0.7137198878268237
0.7967967967967968,0.7151207213360338
0.7987987987987988,0.7165186886337571
0.8008008008008007,0.717913784116926
0.8028028028028028,0.7193060021939827
0.8048048048048048,0.7206953372849022
0.8068068068068068,0.7220817838212149
0.8088088088088088,0.7234653362460282
0.8108108108108109,0.724845989014049
0.8128128128128128,0.7262237365916064
0.8148148148148148,0.7275985734566734
0.8168168168168168,0.7289704940988893
0.8188188188188188,0.7303394930195812
0.8208208208208209,0.7317055647317872
0.8228228228228228,0.7330687037602769
0.8248248248248248,0.7344289046415747
0.8268268268268268,0.7357861619239812
0.8288288288288288,0.7371404701675942
0.8308308308308309,0.7384918239443322
0.8328328328328328,0.7398402178379546
0.8348348348348348,0.7411856464440845
0.8368368368368369,0.7425281043702295
0.8388388388388388,0.743867586235804
0.8408408408408409,0.7452040866721503
0.8428428428428428,0.7465376003225604
0.8448448448448448,0.7478681218422973
0.8468468468468469,0.7491956458986169
0.8488488488488488,0.7505201671707881
0.8508508508508509,0.7518416803501158
0.8528528528528528,0.7531601801399609
0.8548548548548548,0.7544756612557623
0.8568568568568569,0.7557881184250576
0.8588588588588588,0.7570975463875044
0.8608608608608609,0.7584039398949015
0.8628628628628628,0.7597072937112098
0.8648648648648649,0.7610076026125733
0.8668668668668669,0.7623048613873399
0.8688688688688688,0.7635990648360828
0.8708708708708709,0.7648902077716205
0.8728728728728729,0.7661782850190384
0.8748748748748749,0.7674632914157093
0.8768768768768769,0.7687452218113138
0.8788788788788788,0.770024071067861
0.8808808808808809,0.7712998340597096
0.8828828828828829,0.7725725056735879
0.8848848848848849,0.7738420808086145
0.8868868868868869,0.7751085543763184
0.8888888888888888,0.7763719213006605
0.8908908908908909,0.7776321765180523
0.8928928928928929,0.7788893149773777
0.8948948948948949,0.7801433316400121
0.8968968968968969,0.7813942214798434
0.8988988988988988,0.7826419794832918
0.9009009009009009,0.78388660064933
0.9029029029029029,0.785128079989503
0.9049049049049049,0.7863664125279483
0.9069069069069069,0.7876015933014158
0.9089089089089089,0.7888336173592878
0.9109109109109109,0.790062479763599
0.9129129129129129,0.7912881755890553
0.914914914914915,0.7925106999230551
0.9169169169169169,0.7937300478657078
0.9189189189189189,0.7949462145298536
0.9209209209209209,0.7961591950410837
0.9229229229229229,0.7973689845377592
0.924924924924925,0.7985755781710309
0.9269269269269269,0.7997789711048586
0.9289289289289289,0.8009791585160305
0.9309309309309309,0.802176135594183
0.9329329329329329,0.8033698975418188
0.934934934934935,0.8045604395743273
0.9369369369369369,0.8057477569200036
0.938938938938939,0.8069318448200669
0.9409409409409409,0.8081126985286801
0.9429429429429429,0.8092903133129692
0.944944944944945,0.8104646844530415
0.9469469469469469,0.8116358072420049
0.948948948948949,0.8128036769859868
0.950950950950951,0.8139682890041526
0.9529529529529529,0.8151296386287252
0.954954954954955,0.8162877212050027
0.9569569569569569,0.8174425320913778
0.958958958958959,0.8185940666593563
0.960960960960961,0.8197423202935751
0.9629629629629629,0.8208872883918216
0.964964964964965,0.8220289663650513
0.9669669669669669,0.8231673496374066
0.968968968968969,0.8243024336462355
0.970970970970971,0.8254342138421088
0.9729729729729729,0.8265626856888396
0.974974974974975,0.8276878446635009
0.9769769769769769,0.828809686256443
0.978978978978979,0.8299282059713133
0.980980980980981,0.8310433993250725
0.9829829829829829,0.832155261848014
0.984984984984985,0.8332637890837807
0.986986986986987,0.8343689765893838
0.988988988988989,0.8354708199352199
0.990990990990991,0.836569314705089
0.992992992992993,0.8376644564962126
0.994994994994995,0.8387562409192503
0.996996996996997,0.8398446635983188
0.998998998998999,0.8409297201710083
1.001001001001001,0.8420114062884005
1.003003003003003,0.8430897176150859
1.005005005005005,0.844164649829181
1.007007007007007,0.8452361986223462
1.009009009009009,0.8463043596998024
1.011011011011011,0.8473691287803489
1.013013013013013,0.8484305015963793
1.015015015015015,0.8494884738939005
1.017017017017017,0.8505430414325479
1.019019019019019,0.8515941999856037
1.021021021021021,0.8526419453400135
1.023023023023023,0.8536862732964021
1.025025025025025,0.8547271796690923
1.027027027027027,0.8557646602861202
1.029029029029029,0.8567987109892524
1.031031031031031,0.8578293276340027
1.033033033033033,0.8588565060896484
1.035035035035035,0.8598802422392474
1.037037037037037,0.8609005319796542
1.039039039039039,0.8619173712215369
1.0410410410410411,0.8629307558893927
1.043043043043043,0.863940681921565
1.045045045045045,0.8649471452702596
1.047047047047047,0.8659501419015606
1.049049049049049,0.8669496677954468
1.0510510510510511,0.8679457189458079
1.053053053053053,0.86893829136046
1.055055055055055,0.8699273810611624
1.057057057057057,0.8709129840836329
1.059059059059059,0.8718950964775642
1.0610610610610611,0.8728737143066395
1.063063063063063,0.8738488336485477
1.065065065065065,0.8748204505950002
1.067067067067067,0.8757885612517461
1.069069069069069,0.8767531617385873
1.0710710710710711,0.877714248189395
1.073073073073073,0.8786718167521242
1.075075075075075,0.87962586358883
1.077077077077077,0.8805763848756825
1.079079079079079,0.8815233768029821
1.0810810810810811,0.8824668355751754
1.083083083083083,0.883406757410869
1.085085085085085,0.8843431385428466
1.087087087087087,0.8852759752180825
1.089089089089089,0.8862052636977573
1.0910910910910911,0.887131000257273
1.093093093093093,0.8880531811862674
1.095095095095095,0.8889718027886295
1.097097097097097,0.8898868613825142
1.0990990990990992,0.890798353300357
1.1011011011011012,0.8917062748888882
1.103103103103103,0.8926106225091487
1.105105105105105,0.8935113925365034
1.107107107107107,0.8944085813606565
1.1091091091091092,0.8953021853856657
1.1111111111111112,0.8961922010299563
1.1131131131131131,0.8970786247263364
1.115115115115115,0.89796145292201
1.117117117117117,0.8988406820785925
1.1191191191191192,0.899716308672124
1.1211211211211212,0.9005883291930838
1.1231231231231231,0.9014567401464043
1.125125125125125,0.9023215380514852
1.127127127127127,0.9031827194422071
1.1291291291291292,0.9040402808669459
1.1311311311311312,0.9048942188885862
1.1331331331331331,0.9057445300845354
1.135135135135135,0.906591211046737
1.137137137137137,0.9074342583816849
1.1391391391391392,0.9082736687104361
1.1411411411411412,0.9091094386686253
1.1431431431431431,0.9099415649064773
1.145145145145145,0.9107700440888213
1.147147147147147,0.9115948728951041
1.1491491491491492,0.912416048019403
1.1511511511511512,0.9132335661704393
1.1531531531531531,0.9140474240715913
1.155155155155155,0.9148576184609081
1.157157157157157,0.9156641460911219
1.1591591591591592,0.9164670037296614
1.1611611611611612,0.9172661881586643
1.1631631631631631,0.9180616961749912
1.165165165165165,0.9188535245902374
1.167167167167167,0.9196416702307461
1.1691691691691692,0.9204261299376213
1.1711711711711712,0.9212069005667398
1.1731731731731732,0.9219839789887649
1.1751751751751751,0.9227573620891579
1.177177177177177,0.923527046768191
1.1791791791791792,0.92429302994096
1.1811811811811812,0.9250553085373958
1.1831831831831832,0.9258138795022779
1.1851851851851851,0.9265687397952457
1.187187187187187,0.9273198863908112
1.1891891891891893,0.9280673162783707
1.1911911911911912,0.9288110264622172
1.1931931931931932,0.9295510139615525
1.1951951951951951,0.9302872758104987
1.197197197197197,0.9310198090581104
1.1991991991991993,0.9317486107683867
1.2012012012012012,0.9324736780202824
1.2032032032032032,0.9331950079077201
1.2052052052052051,0.9339125975396022
1.207207207207207,0.9346264440398216
1.2092092092092093,0.9353365445472741
1.2112112112112112,0.9360428962158691
1.2132132132132132,0.9367454962145415
1.2152152152152151,0.9374443417272632
1.2172172172172173,0.9381394299530539
1.2192192192192193,0.9388307581059925
1.2212212212212212,0.9395183234152282
1.2232232232232232,0.9402021231249923
1.2252252252252251,0.940882154494608
1.2272272272272273,0.9415584147985024
1.2292292292292293,0.9422309013262169
1.2312312312312312,0.9428996113824184
1.2332332332332332,0.9435645422869098
1.2352352352352352,0.9442256913746409
1.2372372372372373,0.9448830559957193
1.2392392392392393,0.9455366335154203
1.2412412412412412,0.9461864213141984
1.2432432432432432,0.946832416787697
1.2452452452452452,0.9474746173467596
1.2472472472472473,0.9481130204174394
1.2492492492492493,0.9487476234410099
1.2512512512512513,0.9493784238739756
1.2532532532532532,0.9500054191880817
1.2552552552552552,0.950628606870324
1.2572572572572573,0.9512479844229599
1.2592592592592593,0.9518635493635174
1.2612612612612613,0.9524752992248057
1.2632632632632632,0.9530832315549247
1.2652652652652652,0.9536873439172753
1.2672672672672673,0.9542876338905687
1.2692692692692693,0.9548840990688361
1.2712712712712713,0.9554767370614389
1.2732732732732732,0.9560655454930775
1.2752752752752752,0.9566505220038016
1.2772772772772774,0.9572316642490191
1.2792792792792793,0.9578089698995055
1.2812812812812813,0.9583824366414136
1.2832832832832832,0.9589520621762828
1.2852852852852852,0.9595178442210477
1.2872872872872874,0.960079780508048
1.2892892892892893,0.9606378687850368
1.2912912912912913,0.9611921068151904
1.2932932932932932,0.961742492377117
1.2952952952952952,0.9622890232648652
1.2972972972972974,0.9628316972879336
1.2992992992992993,0.9633705122712787
1.3013013013013013,0.9639054660553243
1.3033033033033032,0.9644365564959702
1.3053053053053052,0.9649637814645999
1.3073073073073074,0.9654871388480903
1.3093093093093093,0.9660066265488194
1.3113113113113113,0.9665222424846749
1.3133133133133132,0.9670339845890625
1.3153153153153152,0.9675418508109147
1.3173173173173174,0.968045839114698
1.3193193193193193,0.968545947480422
1.3213213213213213,0.9690421739036469
1.3233233233233233,0.969534516395492
1.3253253253253252,0.9700229729826435
1.3273273273273274,0.970507541707362
1.3293293293293293,0.9709882206274908
1.3313313313313313,0.9714650078164637
1.3333333333333333,0.9719379013633127
1.3353353353353352,0.9724068993726753
1.3373373373373374,0.9728719999648027
1.3393393393393394,0.9733332012755663
1.3413413413413413,0.9737905014564666
1.3433433433433433,0.9742438986746397
1.3453453453453452,0.9746933911128645
1.3473473473473474,0.9751389769695705
1.3493493493493494,0.975580654458845
1.3513513513513513,0.9760184218104399
1.3533533533533533,0.9764522772697788
1.3553553553553555,0.9768822190979645
1.3573573573573574,0.9773082455717855
1.3593593593593594,0.9777303549837233
1.3613613613613613,0.9781485456419587
1.3633633633633633,0.9785628158703792
1.3653653653653655,0.9789731640085853
1.3673673673673674,0.9793795884118971
1.3693693693693694,0.9797820874513614
1.3713713713713713,0.9801806595137577
1.3733733733733733,0.980575303001605
1.3753753753753755,0.9809660163331679
1.3773773773773774,0.9813527979424633
1.3793793793793794,0.9817356462792662
1.3813813813813813,0.9821145598091165
1.3833833833833833,0.9824895370133249
1.3853853853853855,0.9828605763889784
1.3873873873873874,0.9832276764489474
1.3893893893893894,0.983590835721891
1.3913913913913913,0.9839500527522628
1.3933933933933933,0.9843053261003173
1.3953953953953955,0.984656654342115
1.3973973973973974,0.9850040360695286
1.3993993993993994,0.9853474698902484
1.4014014014014013,0.9856869544277879
1.4034034034034033,0.9860224883214896
1.4054054054054055,0.98635407022653
1.4074074074074074,0.9866816988139253
1.4094094094094094,0.9870053727705367
1.4114114114114114,0.9873250907990754
1.4134134134134133,0.9876408516181081
1.4154154154154155,0.9879526539620622
1.4174174174174174,0.9882604965812305
1.4194194194194194,0.9885643782417765
1.4214214214214214,0.9888642977257392
1.4234234234234233,0.9891602538310382
1.4254254254254255,0.9894522453714784
1.4274274274274275,0.9897402711767543
1.4294294294294294,0.9900243300924556
1.4314314314314314,0.990304420980071
1.4334334334334333,0.9905805427169933
1.4354354354354355,0.9908526941965237
1.4374374374374375,0.991120874327876
1.4394394394394394,0.9913850820361815
1.4414414414414414,0.9916453162624927
1.4434434434434433,0.9919015759637884
1.4454454454454455,0.9921538601129767
1.4474474474474475,0.9924021676989001
1.4494494494494494,0.9926464977263391
1.4514514514514514,0.9928868492160164
1.4534534534534533,0.9931232212046007
1.4554554554554555,0.9933556127447105
1.4574574574574575,0.993584022904918
1.4594594594594594,0.9938084507697528
1.4614614614614614,0.9940288954397057
1.4634634634634633,0.9942453560312322
1.4654654654654655,0.9944578316767557
1.4674674674674675,0.9946663215246718
1.4694694694694694,0.9948708247393507
1.4714714714714714,0.9950713405011415
1.4734734734734736,0.995267868006375
1.4754754754754755,0.9954604064673667
1.4774774774774775,0.9956489551124202
1.4794794794794794,0.9958335131858309
1.4814814814814814,0.9960140799478878
1.4834834834834836,0.9961906546748777
1.4854854854854855,0.9963632366590868
1.4874874874874875,0.9965318252088049
1.4894894894894894,0.9966964196483272
1.4914914914914914,0.9968570193179576
1.4934934934934936,0.9970136235740107
1.4954954954954955,0.997166231788815
1.4974974974974975,0.9973148433507154
1.4994994994994995,0.9974594576640748
1.5015015015015014,0.9976000741492778
1.5035035035035036,0.9977366922427319
1.5055055055055055,0.9978693113968702
1.5075075075075075,0.9979979310801539
1.5095095095095095,0.9981225507770738
1.5115115115115114,0.998243169988153
1.5135135135135136,0.9983597882299482
1.5155155155155156,0.9984724050350524
1.5175175175175175,0.9985810199520962
1.5195195195195195,0.9986856325457498
1.5215215215215214,0.998786242396725
1.5235235235235236,0.9988828491017762
1.5255255255255256,0.9989754522737027
1.5275275275275275,0.9990640515413501
1.5295295295295295,0.9991486465496117
1.5315315315315314,0.9992292369594296
1.5335335335335336,0.9993058224477966
1.5355355355355356,0.9993784027077574
1.5375375375375375,0.9994469774484094
1.5395395395395395,0.9995115463949044
1.5415415415415414,0.9995721092884493
1.5435435435435436,0.9996286658863074
1.5455455455455456,0.9996812159617992
1.5475475475475475,0.9997297593043035
1.5495495495495495,0.9997742957192581
1.5515515515515514,0.9998148250281604
1.5535535535535536,0.9998513470685688
1.5555555555555556,0.9998838616941024
1.5575575575575575,0.9999123687744421
1.5595595595595595,0.9999368681953315
1.5615615615615615,0.9999573598585764
1.5635635635635636,0.999973843682046
1.5655655655655656,0.9999863195996732
1.5675675675675675,0.9999947875614542
1.5695695695695695,0.9999992475334494
1.5715715715715715,0.9999996994977832
1.5735735735735736,0.999996143452644
1.5755755755755756,0.9999885794122846
1.5775775775775776,0.9999770074070217
1.5795795795795795,0.9999614274832359
1.5815815815815815,0.9999418397033719
1.5835835835835836,0.9999182441459377
1.5855855855855856,0.9998906409055044
1.5875875875875876,0.9998590300927063
1.5895895895895895,0.9998234118342396
1.5915915915915915,0.9997837862728629
1.5935935935935936,0.9997401535673958
1.5955955955955956,0.9996925138927186
1.5975975975975976,0.9996408674397717
1.5995995995995995,0.9995852144155546
1.6016016016016015,0.9995255550431251
1.6036036036036037,0.9994618895615988
1.6056056056056056,0.9993942182261476
1.6076076076076076,0.9993225413079988
1.6096096096096095,0.9992468590944343
1.6116116116116117,0.9991671718887893
1.6136136136136137,0.9990834800104509
1.6156156156156156,0.9989957837948571
1.6176176176176176,0.9989040835934953
1.6196196196196195,0.9988083797739007
1.6216216216216217,0.9987086727196554
1.6236236236236237,0.9986049628303862
1.6256256256256256,0.9984972505217636
1.6276276276276276,0.9983855362254996
1.6296296296296295,0.9982698203893463
1.6316316316316317,0.9981501034770941
1.6336336336336337,0.9980263859685695
1.6356356356356356,0.9978986683596337
1.6376376376376376,0.9977669511621802
1.6396396396396395,0.9976312349041329
1.6416416416416417,0.9974915201294441
1.6436436436436437,0.997347807398092
1.6456456456456456,0.997200097286079
1.6476476476476476,0.9970483903854285
1.6496496496496496,0.9968926873041835
1.6516516516516517,0.9967329886664036
1.6536536536536537,0.9965692951121627
1.6556556556556556,0.9964016072975463
1.6576576576576576,0.996229925894649
1.6596596596596596,0.9960542515915716
1.6616616616616617,0.9958745850924186
1.6636636636636637,0.9956909271172951
1.6656656656656657,0.9955032784023046
1.6676676676676676,0.9953116396995448
1.6696696696696696,0.9951160117771058
1.6716716716716717,0.9949163954190665
1.6736736736736737,0.9947127914254913
1.6756756756756757,0.9945052006124271
1.6776776776776776,0.9942936238119002
1.6796796796796796,0.9940780618719127
1.6816816816816818,0.993858515656439
1.6836836836836837,0.9936349860454229
1.6856856856856857,0.9934074739347734
1.6876876876876876,0.9931759802363612
1.6896896896896896,0.9929405058780159
1.6916916916916918,0.992701051803521
1.6936936936936937,0.9924576189726111
1.6956956956956957,0.9922102083609676
1.6976976976976976,0.9919588209602148
1.6996996996996996,0.991703457777916
1.7017017017017018,0.9914441198375697
1.7037037037037037,0.9911808081786052
1.7057057057057057,0.9909135238563783
1.7077077077077076,0.9906422679421676
1.7097097097097096,0.9903670415231693
1.7117117117117118,0.9900878457024943
1.7137137137137137,0.9898046815991621
1.7157157157157157,0.9895175503480976
1.7177177177177176,0.9892264531001259
1.7197197197197196,0.9889313910219679
1.7217217217217218,0.9886323652962354
1.7237237237237237,0.988329377121427
1.7257257257257257,0.9880224277119223
1.7277277277277276,0.9877115182979779
1.7297297297297298,0.987396650125722
1.7317317317317318,0.9870778244571496
1.7337337337337337,0.9867550425701175
1.7357357357357357,0.9864283057583387
1.7377377377377377,0.9860976153313782
1.7397397397397398,0.9857629726146463
1.7417417417417418,0.985424378949395
1.7437437437437437,0.9850818356927111
1.7457457457457457,0.9847353442175117
1.7477477477477477,0.9843849059125385
1.7497497497497498,0.9840305221823515
1.7517517517517518,0.9836721944473249
1.7537537537537538,0.98330992414364
1.7557557557557557,0.98294371272328
1.7577577577577577,0.9825735616540241
1.7597597597597598,0.9821994724194418
1.7617617617617618,0.9818214465188868
1.7637637637637638,0.9814394854674909
1.7657657657657657,0.9810535907961582
1.7677677677677677,0.9806637640515584
1.7697697697697699,0.9802700067961214
1.7717717717717718,0.9798723206080306
1.7737737737737738,0.9794707070812163
1.7757757757757757,0.9790651678253499
1.7777777777777777,0.978655704465837
1.7797797797797799,0.9782423186438112
1.7817817817817818,0.9778250120161273
1.7837837837837838,0.9774037862553546
1.7857857857857857,0.9769786430497706
1.7877877877877877,0.9765495841033536
1.7897897897897899,0.9761166111357765
1.7917917917917918,0.9756797258823998
1.7937937937937938,0.9752389300942641
1.7957957957957957,0.9747942255380836
1.7977977977977977,0.9743456139962389
1.7997997997997999,0.9738930972667699
1.8018018018018018,0.9734366771633683
1.8038038038038038,0.9729763555153712
1.8058058058058057,0.9725121341677523
1.8078078078078077,0.9720440149811157
1.8098098098098099,0.9715719998316883
1.8118118118118118,0.9710960906113117
1.8138138138138138,0.9706162892274354
1.8158158158158157,0.9701325976031081
1.8178178178178177,0.9696450176769712
1.8198198198198199,0.9691535514032502
1.8218218218218218,0.9686582007517472
1.8238238238238238,0.9681589677078329
1.8258258258258258,0.9676558542724388
1.8278278278278277,0.9671488624620487
1.82982982982983,0.9666379943086911
1.8318318318318318,0.9661232518599314
1.8338338338338338,0.9656046371788626
1.8358358358358358,0.9650821523440979
1.8378378378378377,0.964555799449762
1.83983983983984,0.964025580605483
1.8418418418418419,0.9634914979363838
1.8438438438438438,0.9629535535830733
1.8458458458458458,0.9624117497016383
1.8478478478478477,0.9618660884636345
1.84984984984985,0.9613165720560779
1.8518518518518519,0.9607632026814362
1.8538538538538538,0.9602059825576198
1.8558558558558558,0.9596449139179728
1.8578578578578577,0.9590799990112645
1.85985985985986,0.9585112401016795
1.8618618618618619,0.9579386394688101
1.8638638638638638,0.9573621994076453
1.8658658658658658,0.9567819222285633
1.867867867867868,0.956197810257321
1.86986986986987,0.9556098658350456
1.8718718718718719,0.9550180913182246
1.8738738738738738,0.9544224890786964
1.8758758758758758,0.9538230615036415
1.877877877877878,0.9532198109955716
1.87987987987988,0.9526127399723214
1.8818818818818819,0.9520018508670381
1.8838838838838838,0.9513871461281717
1.8858858858858858,0.9507686282194653
1.887887887887888,0.9501462996199452
1.88988988988989,0.9495201628239114
1.8918918918918919,0.9488902203409265
1.8938938938938938,0.948256474695807
1.8958958958958958,0.947618928428612
1.897897897897898,0.9469775840946336
1.8998998998999,0.9463324442643871
1.901901901901902,0.9456835115235998
1.9039039039039038,0.9450307884732008
1.9059059059059058,0.9443742777293112
1.907907907907908,0.943713981923233
1.90990990990991,0.9430499037014389
1.911911911911912,0.9423820457255616
1.9139139139139139,0.9417104106723829
1.9159159159159158,0.9410350012338232
1.917917917917918,0.9403558201169308
1.91991991991992,0.9396728700438709
1.921921921921922,0.9389861537519146
1.9239239239239239,0.9382956739934283
1.9259259259259258,0.9376014335358621
1.927927927927928,0.9369034351617391
1.92992992992993,0.9362016816686444
1.931931931931932,0.9354961758692134
1.9339339339339339,0.934786920591121
1.9359359359359358,0.9340739186770698
1.937937937937938,0.933357172984779
1.93993993993994,0.9326366863869732
1.941941941941942,0.9319124617713703
1.9439439439439439,0.9311845020406703
1.9459459459459458,0.9304528101125434
1.947947947947948,0.9297173889196189
1.94994994994995,0.9289782414094727
1.951951951951952,0.9282353705446159
1.9539539539539539,0.927488779302483
1.9559559559559558,0.9267384706754194
1.957957957957958,0.9259844476706702
1.95995995995996,0.9252267133103678
1.961961961961962,0.9244652706315194
1.9639639639639639,0.9237001226859956
1.9659659659659658,0.9229312725405173
1.967967967967968,0.9221587232766442
1.96996996996997,0.921382477990762
1.971971971971972,0.9206025397940703
1.973973973973974,0.9198189118125693
1.9759759759759759,0.9190315971870486
1.977977977977978,0.9182405990730734
1.97997997997998,0.917445920640973
1.981981981981982,0.9166475650758267
1.983983983983984,0.9158455355774523
1.985985985985986,0.9150398353603924
1.987987987987988,0.9142304676539021
1.98998998998999,0.913417435701936
1.991991991991992,0.9126007427631349
1.993993993993994,0.9117803921108124
1.995995995995996,0.910956387032943
1.997997997997998,0.9101287308321478
2.0,0.9092974268256817
